ASIN,Category,BRAND,SEGMENT1,SEGMENT2,SEGMENT3,SEGMENT4,SEGMENT5,SEGMENT6,ProductTitle,Crwal-Date,Crwal-Time,ASIN-Active,ASIN-Qualified-Buy-Status,Non-Pantry-status,Non-Used-status,Non-Market-Place,Amazon-is-selling,Amazon-is-the-lowest-price-merchant,Lowest-Price-Merchant,Lowest-Price-JPY,Amazon-Price JPY,Amazon-Coupon,Add-On,Prime-Only,Availability,Review-Stars,Review-Volumes,Standard-SnS,Standard-SnS-Price,Prime-Exclusive-SnS,Prime-Exclusive-SnS-Price,Prime-Family-SnS,Prime-Family-SnS-Price
B0012PB1H8,Air Care,Febreze,Room,Kogen,Body,,Single,,ファブリーズ 消臭剤 置き型 やさしいフローラルハートの香り 本体 130g,2018/03/22,10:38:12,True,True,True,True,True,True,True,Amazon.co.jp,296,296,N/A,True,False,在庫あり。,3.9,47,False,N/A,False,N/A,False,N/A
B0012PF9CG,Air Care,Febreze,Room,Kogen,Body,,Single,,ファブリーズ 消臭剤 置き型 ゆったりリラックスフルーティーの香り 本体 130g,2018/03/22,10:38:12,True,True,True,True,True,True,True,Amazon.co.jp,310,310,N/A,False,False,在庫あり。,3.7,48,False,N/A,False,N/A,False,N/A
B0012PB1H8,Air Care,Febreze,Room,Kogen,Body,,Single,,ファブリーズ 消臭剤 置き型 やさしいフローラルハートの香り 本体 130g,2018/03/22,10:54:49,True,True,True,True,True,True,True,Amazon.co.jp,296,296,N/A,True,False,在庫あり。,3.9,47,False,N/A,False,N/A,False,N/A
B0012PF9CG,Air Care,Febreze,Room,Kogen,Body,,Single,,ファブリーズ 消臭剤 置き型 ゆったりリラックスフルーティーの香り 本体 130g,2018/03/22,10:54:49,True,True,True,True,True,True,True,Amazon.co.jp,310,310,N/A,False,False,在庫あり。,3.7,48,False,N/A,False,N/A,False,N/A
B0012PB1H8,Air Care,Febreze,Room,Kogen,Body,,Single,,ファブリーズ 消臭剤 置き型 やさしいフローラルハートの香り 本体 130g,2018/03/22,11:13:06,True,True,True,True,True,True,True,Amazon.co.jp,296,296,N/A,True,False,在庫あり。,3.9,47,False,N/A,False,N/A,False,N/A
B0012PF9CG,Air Care,Febreze,Room,Kogen,Body,,Single,,,2018/03/22,11:13:06,True,True,True,True,False,False,False,,,,,False,False,,,,False,,False,,False,
B0012PB1H8,Air Care,Febreze,Room,Kogen,Body,,Single,,ファブリーズ 消臭剤 置き型 やさしいフローラルハートの香り 本体 130g,2018/03/22,11:17:09,True,True,True,True,True,True,True,Amazon.co.jp,296,296,N/A,True,False,在庫あり。,3.9,47,False,N/A,False,N/A,False,N/A
B0012PF9CG,Air Care,Febreze,Room,Kogen,Body,,Single,,ファブリーズ 消臭剤 置き型 ゆったりリラックスフルーティーの香り 本体 130g,2018/03/22,11:17:09,True,True,True,True,True,True,True,Amazon.co.jp,310,310,N/A,False,False,在庫あり。,3.7,48,False,N/A,False,N/A,False,N/A
B0012PB1H8,Air Care,Febreze,Room,Kogen,Body,,Single,,ファブリーズ 消臭剤 置き型 やさしいフローラルハートの香り 本体 130g,2018/03/22,11:21:22,True,True,True,True,True,True,True,Amazon.co.jp,296,296,N/A,True,False,在庫あり。,3.9,47,False,N/A,False,N/A,False,N/A
B0012PF9CG,Air Care,Febreze,Room,Kogen,Body,,Single,,ファブリーズ 消臭剤 置き型 ゆったりリラックスフルーティーの香り 本体 130g,2018/03/22,11:21:22,True,True,True,True,False,True,False,,,310,N/A,False,False,在庫あり。,3.7,48,False,N/A,False,N/A,False,N/A
B0012PB1H8,Air Care,Febreze,Room,Kogen,Body,,Single,,ファブリーズ 消臭剤 置き型 やさしいフローラルハートの香り 本体 130g,2018/03/22,11:34:28,True,True,True,True,True,True,True,Amazon.co.jp,296,296,N/A,True,False,在庫あり。,3.9,47,False,N/A,False,N/A,False,N/A
B0012PF9CG,Air Care,Febreze,Room,Kogen,Body,,Single,,ファブリーズ 消臭剤 置き型 ゆったりリラックスフルーティーの香り 本体 130g,2018/03/22,11:34:28,True,True,True,True,True,True,True,Amazon.co.jp,310,310,N/A,False,False,在庫あり。,3.7,48,False,N/A,False,N/A,False,N/A
B0012PB1H8,Air Care,Febreze,Room,Kogen,Body,,Single,,ファブリーズ 消臭剤 置き型 やさしいフローラルハートの香り 本体 130g,2018/03/22,12:35:58,True,True,True,True,True,True,True,Amazon.co.jp,296,296,N/A,True,False,在庫あり。,3.9,47,False,N/A,False,N/A,False,N/A
B0012PF9CG,Air Care,Febreze,Room,Kogen,Body,,Single,,ファブリーズ 消臭剤 置き型 ゆったりリラックスフルーティーの香り 本体 130g,2018/03/22,12:35:58,True,True,True,True,True,True,True,Amazon.co.jp,310,310,N/A,False,False,在庫あり。,3.7,48,False,N/A,False,N/A,False,N/A
B0012PB1H8,Air Care,Febreze,Room,Kogen,Body,,Single,,ファブリーズ 消臭剤 置き型 やさしいフローラルハートの香り 本体 130g,2018/03/22,12:49:52,True,True,True,True,True,True,True,Amazon.co.jp,296,296,N/A,True,False,在庫あり。,3.9,47,False,N/A,False,N/A,False,N/A
B0012PF9CG,Air Care,Febreze,Room,Kogen,Body,,Single,,ファブリーズ 消臭剤 置き型 ゆったりリラックスフルーティーの香り 本体 130g,2018/03/22,12:49:52,True,True,True,True,True,True,True,Amazon.co.jp,310,310,N/A,False,False,在庫あり。,3.7,48,False,N/A,False,N/A,False,N/A
B0012PB1H8,Air Care,Febreze,Room,Kogen,Body,,Single,,ファブリーズ 消臭剤 置き型 やさしいフローラルハートの香り 本体 130g,2018/03/22,12:57:55,True,True,True,True,True,True,True,Amazon.co.jp,296,296,N/A,True,False,在庫あり。,3.9,47,False,N/A,False,N/A,False,N/A
B0012PF9CG,Air Care,Febreze,Room,Kogen,Body,,Single,,ファブリーズ 消臭剤 置き型 ゆったりリラックスフルーティーの香り 本体 130g,2018/03/22,12:57:55,True,True,True,True,True,True,True,Amazon.co.jp,310,310,N/A,False,False,在庫あり。,3.7,48,False,N/A,False,N/A,False,N/A
